INSERT INTO users (id, name, age) VALUES
(1, 'Jack', 28),
(2, 'James', 18),
(3, 'Jameson', 35),
(4, 'Johnnie', 40),
(5, 'Southern', 22),
(6, 'Mark', 26),
(7, 'Hennesy', 42),
(8, 'Cognac', 33),
(9, 'Jim', 21),
(10, 'Crown', 28),
(11, 'Seagram', 31),
(12, 'Wild', 64),
(13, 'Reagal', 45),
(14, 'Glenfiddich', 19),
(15, 'Glenkichie', 51),
(16, 'Dimple', 37),
(17, 'Ballantine', 48),
(18, 'Grant', 26),
(19, 'Douglas', 67),
(20, 'Hibiki', 41);

INSERT INTO projects (id, title, category, funding_goal, start_date, end_date) VALUES 
(1, 'Coffee Machine', 'Drinks', 1375.00, '2019-04-27', '2019-06-27'),
(2, 'Flatiron School', 'School', 990, '2019-02-11', '2019-12-11'),
(3, 'Back Yard', 'Home', 550.00, '2019-05-01', '2019-06-01'),
(4, 'Gibson SG', 'Music', 950, '2019-06-10', '2019-07-10'),
(5, 'Frontyard', 'Home', 600.00, '2019-04-20', '2019-05-20'),
(6, 'Feed Skid Row', 'Charity', 350, '2019-08-01', '2019-08-20'),
(7, 'Life Rally', 'Charity', 2500.00, '2019-10-10', '2019-11-10'),
(8, 'Kitchen', 'DIY', 10500.00, '2019-11-01', '2020-01-10'),
(9, 'Master Bathroom', 'DIY', 6500.00, '2020-02-01', '2019-03-01'),
(10, 'Sony R III', 'Photography', 2800.00, '2019-07-10', '2019-08-10');

INSERT INTO pledges (id, amount, user_id, project_id) VALUES (1, 10.00, 1, 2),
(2, 10.00, 1, 3),
(3, 10.00, 2, 4),
(4, 15.00, 2, 2),
(5, 20.00, 3, 5),
(6, 35.00, 4, 5),
(7, 22.00, 5, 6),
(8, 45.00, 6, 7),
(9, 100.00, 6, 8),
(10, 115.00, 7, 9),
(11, 14.00, 8, 10),
(12, 37.00, 9, 10),
(13, 42.00, 10, 10),
(14, 250.00, 11, 9),
(15, 50.00, 12, 1),
(16, 20.00, 13, 1),
(17, 110.00, 14, 2),
(18, 65.00, 15, 4),
(19, 65.00, 15, 3),
(20, 100.00, 16, 5),
(21, 1500.00, 17, 7),
(22, 85.00, 18, 6),
(23, 900.00, 19, 7),
(24, 5600.00, 20, 8),
(25, 2300.00, 20, 9),
(26, 2200.00, 11, 9),
(27, 1350.00, 9, 10),
(28, 95.00, 8, 3),
(29, 200.00, 7, 10),
(30, 100.00, 4, 6);